00535340B8DC94DF3258AD2654BB4256|0
00FF3BC8792BA3D8C468FDABB964A682|0
01878C280346888B1EDB2E7F517759E5|0
01E26732F5933435D04117433EC0E8E4|0
02BEFC6EF4AF6313FBB10B910C50AA2D|0
03109CD9E4D291D254D49A76E07EAD78|1
03412E6E5FBB10D19183FBCED4DCE849|0
0387B50D99BB476792E8BDC713475F49|1
0420B7F2DAC7D0A32EC7CFFBE392F254|1
04517497F686C8622B0F8CB7CEB1312C|0
0452AB47F0D889D471CCDDDF7B8D386C|1
04B3632863CC2C24D89F17415A5BB43D|0
04CD3549F665C6C812B380CC19697E0F|0
04CDE9D5A87F917E6BAB09D6162FEE19|1
04E41448B8399F4E3365965DFADACAA6|1
04F7863A36F0E6343C1128DF26741C8E|0
057A5FB5D27FA2C6C7BB162E03CC6D4D|1
060AA15F7DF72D304C400950F5D6B490|0
06A05541894A33210A2440A11A6A89F6|0
07B2228A4868FF949D6EEE81298FC050|0
089763B720888D70B23C80D26EBF8B17|0
08AB9DB94807A25050B9D9FF891D270F|0
08DC95D79EDCB82FEEC768313790104E|1
099E996E812E77E0E48D2163144A0886|1
09EEB7B946CA4876948F77C3AFD60CB5|0
0A376465FB15C0AF812D001A991D6950|1
0A69493DB64CF66730E40AD649C09BD1|0
0AD6FD36FF1515006265A2C01F3D12BA|0
0B45E134C017CB46D3D9ACA78FD7064D|1
0B882DEDF8887752D90D09F40A25F9ED|0
0B8E1D9FFFB23DFB4EDCB7EB8E62056D|0
0B9419B574A96984B62A57C63327C3CE|0
0BACECF971AAC1DBA586140B42D91AAD|1
0C3CDD7F27FC14244CF8602E53C91428|0
0C9B5F565DB5D12CFD14B4747A001BD2|0
0CA4E9FD1BF40430B251665DD13A6FE6|1
0CB6076B9690A9B55F86BA8DD8BEF401|0
0CBC35C0F11B02E50B95C5D45325CC50|1
0CC0990B9363EB2E394B1CCA299C3026|1
0E0903AC7CA6AC8A12DB7DB5757BFC1E|1
0E1A2A5B2E667D147EED0495A715722F|0
0E3EE775B5A9D1FB76C3A84C5C21AAD7|1
0E8B8ABEA4E23DDC9A70614F3F651303|0
0F511B594155940D5E85CB66A485D4C1|0
0F788C67BA61DE1DD075A8DD97A95829|1
0F884B33E610B5455353F52FE9EFE05A|1
101D3AA5B6117FEC957A83CE95D7B368|0
111044096C8BCCF96E4BF988A6C8F1FD|0
112FEC2AB66DB1B9A1A5BD913518A7B9|1
113F226076B4454E7CA17CF52DA6540D|1
1234C951DC8F62E07C806F99BE19AC22|0
125D4A393572C9D957272924155A5405|1
1279AA349A6B583933F862036307C921|0
12980714FFFC542636590CB557AC66FB|0
12F840F159AF930E6832E1AC039920E4|0
1369D256F882930D0DFF5C0AD5BE0423|0
141EE3A69EAA3D6B242035B940B00BC7|0
15084B315A10B26C9C01CE66E1C0BEF8|1
152935799DF74764136E1EC1F125F472|0
16ED51E46305B025EFFB8AE65E3FF61D|0
1703F728BF855E3A67B7A8D02759589F|1
183D6B2580B5680091B0219D1594C991|0
185F7C8B344B8926E8004A609B9E736D|0
1895EEAF88B1F4A6461F26041454316A|0
1A36EC101422842D72005680F2402417|1
1A3E610653248EC4AFBA5873B1C000BE|1
1A61E4B8B8E70A5CC7DA606813E577E6|1
1AF9C115A64EC5F908D6C8EF1E16C075|0
1B2F47EA0C159DDB924C5F3E7028395D|0
1BB08D8B59E554154AFB11624241E9F4|0
1C4F8CBAA379EEA36B166B0E1B2CF1F0|1
1D5153EF1B0693DD45EB23EF5D2F552C|0
1D58E22497E6CF24CA9F6FE91960437E|0
1D7B2F652FFF9A472DAD387D40EB1E3E|0
1ED32E0C0BAA00C6B89B57AEA9F88BC9|1
1EFB6A02F8F1173F26602453DBF6180F|0
1F5DD634A84EE58FCCCDBE2B02B73836|0
2040C917C78166A02D3379434D473070|0
21985F06DF731D0C25A18FA0931DB145|1
22589B8F75777291BD862C8748EE325E|1
239C6B8D569FA823292821A94B4F7DF0|0
23DEB824AA2D22F58857BA3724E22832|0
2449727E8C2DF994569383753894FC76|0
24652403303A02C953D44097490C70FC|0
24CFEC4EFFCC2AFDA744C598D40117EE|0
24F9C02AC3A417EB245F9FDD48178826|1
252D2362BEADF2045A8660AD08BDD21A|0
2569D4B5710C6F3D8FA45563D8366CF1|0
25CB0E0F9690F5A856B5F752A43CB38E|1
25D42E371055948DD331AE8C90EDA4BD|0
25FFF04D725A80688C00FC3B4DBE0C87|0
260B5417F23F1AE6C92B85C99921A403|0
26A315D89707B04B60CA14C599A7F04D|0
26B5E92AE4CEE4E1AEFBC6E082B6C141|0
26E78B1F0CF8C30A4B8D7C5792CFE8FF|0
26EB8D844539563DC25920ECF4A8F969|1
2710DA1CB88EDC67D20A33B065887925|1
27295D45495997385BF33126559BA249|0
275899A85AA3FC46F5A3ED49273BF3D4|0
27B8A44FD76A1E5B5E20BE87A24F1D60|0
2804BE97403837D037EA4BEDBA92A96A|1
2808CAD0F68BC5F2A3530F3BB3C456BF|1
2809F8D59BA7D298B50F3EC9601F5580|0
2866AD85F16C6B62497D0966D4E4EFA4|0
287348DF8358945E5EBB260D35A31CD9|1
28C839497084897B85D80968DB6A9005|0
29F48B813EBA7EF75CE1E6AECBE4B3CA|0
29F9AF390D5A45516753E315F31AAFA5|0
2A2988E19F67D13701524E249AA93458|0
2A98A696B66B0FA71BC2A4AD757BBB80|0
2AE6C9E852CBA9E29F977382F11E8448|1
2BCE619E3D8990134E83F8F29A0125FB|1
2BEF4C4C506107624283362BDCDCBC44|0
2C06A98825018153B0D2282724DD3389|0
2C8A91058B09F60DD338C68447DDC79C|1
2CB83757023E49EF23358FC632BDA6F4|1
2D1D3B567BA11DB47DFC07FF0F18E755|1
2D50625DC07E34C4832DA56E7807543A|0
2DDACA20207AE7C53DC8F4DFEE0702CD|0
2E1ED46C9BE77BA339B108D8CA6CD65B|0
2E60BBB951C5C3F3E904EB4371E6EBE1|0
2E838697B444FFC0CD2BB447EF2124E2|0
2E854A0995866A3608D043AE807702D6|0
2EB9083C4E9D1B4303DD223DEFE1F15D|1
2EBBEADECE048BC7842E2CA9C7336F71|0
300BF9B03572F1598BDA469454580383|0
301487EC6C22C7F4D38A022698700C36|1
3042805EDE428264C0E90DFC3B80A257|1
3062C9473DF952F565C48BC5457305A7|0
30FEB2408988CE88914681836F06DC42|0
31D27784CE6662B08BA8BE010CC92657|1
31EC14CA5FED637534A16C6004726708|0
31F324879B791EBF76E0005D1ABDE10E|0
330779DDFDA095E26D76B68FFC5EF3D5|0
33393EE8366FFCF67C377CFE7B6A41E4|0
3360D24D8CD641EACC40070401501DCF|0
338351138037786A71D22B170C3F9270|1
3519782911B65E1BF7F35AFD2AF8838B|0
3537E4BC88F0989F27800603AFD1C842|0
354943D43737E2009079BDA171280EC2|0
35E460B98A38EFE3FC5FE9F2FABE79B4|1
37EC331BAD84D79711B811B04626FED7|0
38158440B2EFB088FEF0FE5C756338A4|0
3827442851298CE2D0A10ADD2E7E4496|0
3848D88B5373B23B155E0BFB56D0D802|0
3855B0875B39E4C942E807E559587773|1
3878C84B93E22247B36CC5C978FD039D|0
39CD0BA6D68E3081182913637F3430C8|0
3A4B5655C907AAC3D6A5CC12D8FA057D|1
3A4F31BBEE04BAA2C639974F181384BB|0
3A7A172854C316DEB191DC5A52E1DFEF|1
3AA9DCE291D0D999E9DFE41B537F7BDD|0
3ABD57425D8B13B9E25EDDE45A11FB12|0
3AC0F79BEEFED04EB20B7D7B5AAFB8E1|1
3B594BFFC0DE3587DFB5725967A8085E|0
3BCD4D3042E9DBA7B9EE4813795E19FE|0
3C21DD4ED76FA8F2B3EFF670AEA652A4|0
3C7912C9119BE2EBC1CE7876B56147F1|1
3CE305C4C381A5151AF624ED6BBAF750|1
3DDD71DBF8A4E8ABAB22EF4D028C0EC4|0
3DE607AF7DBBB3CAB21A1649ED43317F|0
3DF0A97FA38365049E09F051C648D199|0
3E605D4A6BD253FC26EB314B9BA4E886|0
3ECE38D42C9C404A28DBEA3BC2B161D7|0
3F15EF36227B57C27CBD6A5B157BC0DD|0
3F2C50311810BE13AEC49EC11B971B81|0
3F53805199EF331DFBD22269E73FBF66|0
4080FF80CEFB71748A885F384E1527B7|1
408DB38C7E898659413B7EEE2484F147|1
409260AC111ACBB90C6995B16E57FE50|0
40C1FA3F89027CB27E8F652AB49F709F|0
415C009220B0C7BA8791DE374DBD25A5|1
41C14F2AD46F87CDD97E11A29B4583A4|0
41D7268CEE783849E65B85304C14C67B|0
429C2769E37E7F50441ED43EBF9494EA|0
43C7EFB1B9722104B46FE2F42DBEB174|0
44D205EDD71BC2138D60139A686F6AC2|0
44ED73AE9AB36D92CCBF65822B8E1AFD|0
4501015499802BBA8B43C17CCB1BAEEC|0
45017E876C0D59C724684AFFA39FDFF3|0
4569B790B6C421B09ECD4B6954087B0A|0
45D45DBCDC94AE4AB0CB7A9C15B7B60C|1
46CF0AE6CC41024445A8A0D27152E2AE|0
46E0075163ECAC68216EF970C5472ED8|0
46E21C835619E834DA0E3C3EFB39E3F6|1
477B916FADABDE6EC569A99EF2D4B2EB|1
47AD849DF2BE64D90E0B9A1B323A92ED|0
47B9803BE7C88461BBFAFCCE946FB3C8|0
47EFD3EA39F43685151C0FAD00E0751A|0
48335A25B542401460CC5E6544B21BF3|0
4870F85BD9665499D3B1547BBB7C7CAB|1
487A4FB8163460DAA9365018AD007215|0
48FFF23BE6DE0431CE3568D984816C24|0
491B5783E32338CA74E3A518408948EF|0
4944B9AF39AA2ABE83319F6389574DA8|1
4A9373476597472A559D2AF4B989C5A2|1
4AFF1CAAD9284A0CC02BB3EBA0EA28C1|0
4B171575EA95AF52D0434F2086508CE4|0
4B21DB6B829CA9884E8D3CEABAC34B2D|1
4BF0C95A225E4FFAE30D9AB0D3074179|0
4BF32B9487EEE799009CCF9A6D1E98ED|1
4C41666923A14DC687DEEE3B143AFB55|0
4C9CE3D8C02EE1AC223E9C2E1193900B|1
4D1EC9F5BA0732007AB18DFE14FF21EE|1
4D56FCC77AF382B67D4F1C648C1C02D6|1
4DFB200788C5DA82561DA5315A775950|0
4E563229440859DB43B22774E731B906|0
4E9970CCC6BD78ACCAB57843D0009EB1|1
4EB75DC8C23A75D4B9AAF5DB3E4CAB0C|0
4EED44642A54DBB6D3E2D99AEBB83BDE|1
4F16342C8C64765985E4824B4469A1D3|0
5017AAEFE1FE827F20F800DD42F5C04D|0
5051BB40FFB2BA4870C0A059CA03294F|0
5060D79AFB10E3585B0964C85488E25A|0
510719721D8D9281EF3234ADBF5BD4EE|0
5116D33FC3CFE75723E7D1103F8C23F7|0
51195F0BFD5F616500DE94A109735B10|1
5134C3AF1AEBFAC0DD8D817D226F43BE|0
513FEF84F5190483E21C823A08BB0A9C|0
517110BD83835338C037269E603DB55D|0
51A749641E3F8C8C76EED9D9167294EE|0
51E0C421BF3F0D7CD4B44970FDDC16A0|1
51EFE262FC3238E65981F1A6B336F342|0
5272126B6308FB790C64B6E7A6F3E055|1
529639FDA895DA3D25689DAF331E0B4D|1
52C27E2A89CFFC10843663DA08B437C1|1
53E40DA7649DA10DACBAA34833E96328|0
54A50977CEC2804C2EB2622CA6BC7C02|0
55A9536F95F1BCA1FC301BCE81884C2D|0
567B7FB1F0212261EA4B7AE952DF9D20|1
56876A3C15867A9AC938FDE2C2AEA510|1
56EE4EEF29AF30459338B40FFF1EDF04|1
57CDA2F33FCE912F4F5EECBC66A27FA6|0
5823D5152A766F3A7EEB397EEA135253|0
589CE5F0634900E8A7E3D08E89ACE07F|1
58FB0C64AA46F19D1D1C35AD89337D28|1
597935D005AE0790B063505043EE064D|1
59F43292A10627BE04A9CFA06C29DA1F|0
59FA8DF3BF1762356A10D4A5FF01D989|0
5A22081C416A6B85654907AE000E79F1|0
5B851C96FE504FC55056DEC03B507732|0
5C39373A7D824AB41964B800CD472C75|0
5C3B3BEDBF1CCB86A504A7988E51D26C|1
5CDF4A4AFA9EC5BABB23623E38D437CE|0
5D16A7D54302E6CBB06909C8129367FD|1
5D8204461B2FA7BBE9278880302D35A5|1
5E083A32DFA0EE1C6CEA26C966190F42|1
5E136C6CDB16C2FA610C40C2CEACBE42|0
5E34F65E846B403B9C93AC1ACE49A7D8|1
5ECAFB8BF25DF9AFFB09E5FE95DC12A8|1
5F54AA581507F93DBD54F989F6788EDE|1
5F7050068AE458F6F549D0C4668D91E4|1
5FAAD27B3CDF944135BDE05391867CD7|0
5FD51B6135205AF89A686B9D875FF65A|0
6118284734BD015EC2C80E738A904174|1
61334FA917EAE557B7B77DB5B7BD328F|0
61877B36F9529E94748B10EDAEC41C3C|0
6221FA10A94780A30FED2779EABF57E7|0
62698ACBF814021483600D880E5C71D8|1
62C170D9CCB25771E6171DE82075AEA6|1
63669011B8B134D9B618B51ECE6D06AE|0
641630A2DABA4A51FC062C96E96EAD93|1
64D23C81B66F0EDB5A6BF5CF09AA2665|1
651771B33B91863A3CE4BA172A36F0B4|0
652E869D75478889F29779785D7072EE|0
660254C8228B83705C80374D47F570F1|0
665E68CABC6CA02078236BDF5750A70A|0
66AF1A8E1151DF91F5F770A45F0B4667|0
674C1F1F021F2346CF8BF1E5427C1BFC|1
67D421095949AF563B741F0A83D9D921|0
681648DA2146EF533DD83E760CEF95C7|0
686A85368AC015595DE43B73C765A789|0
693C354E689D99E98B8F0EDB8EC868DB|1
69442DB7AEF4F6C772BE7B147ACC575B|1
69F92541EFE92AEF43C2DF891570AEB7|1
69FD191A15AF77558C35E86E227F95B6|0
6A4AFD26266CD3448086C8DE5FB82EA5|1
6B64CB7FCCC794A57D71A95910DDA9B2|0
6B9270EDB38168B7BAEFB4DED21CDAC0|1
6BBAAD68D5898EAD34F9FA256928DFE5|0
6BE8B26D52EA9CF70818130631ED3FFE|1
6C46E6E4C1D92931817AA137ED66CBD8|0
6C531EBEFA4718C279D1C1729C77D230|0
6D59527EF09F0FEAFB76278CD2757029|0
6D6033517D34C7AB360DD2F522D6171E|0
6DA7EDB6198F7BBD1DB4009428D3867F|1
6E1C25902800A53FE93333FF65F94376|0
6E54160B199AD4D48DE1FDBDD0520DE1|0
6E974F1C384615DEB0710E44F4847351|0
6EACC43D0542EF88226FB34B0B12EDB0|0
6EFC7445652A1EFF7C930127ADA82D7D|0
6F461FA016ABD26C7C17C1842BD8819A|0
6FEE807CE2E8CFB12E7E709E5515D589|0
704098102300E9BE6A66A4363F7E6EF4|0
70E9F4E8850DC7CF34191E43BF3B4B28|0
7139BA08AAB953E0E5EF05AF0FABB2C0|1
71669C546CE51D3AB797299ACE35D285|0
7185B16516478DF0061C2561C1B072CE|0
71FB031B4F69E2EE6F0B0A21349AA344|0
723AE0F256C40FCAD06B672C9F278087|1
727BD0745D9B9E69D4A4A9E6077A188F|0
727EF6A937E1AA6624A6E61EE284E691|1
74496D9C00E68E970FB6E2B71095EBE5|0
7512E57C828764D794017C09A4C36384|0
752843491137BB0779F90B2B92164119|0
75690453D7A690E2ED36D461041FD5E2|0
75F86A4AFEA0FFE6DAC6FE7E93B4FB85|1
764817E4A678F3052715D750B6786AE4|0
76693E86B2982331A25E57442788AF83|1
76ABDB9F0EA32B5CB87BEEBB7AC0951C|0
77B127BE019EAC9D266A3841EA0D946A|1
77D4441D8F0571B364E800E989C1C0C8|0
77D52763CA6E32035CFC38CC4C614354|0
78A4ACEE5E42C9F04A59D769B1F545DB|0
78CFF08AFF7BAA15FA66716AEC52A0B3|0
78F02FB6DD22241DCBA695060B373669|1
78F65ACEDCDBF7B64294F949023EC678|0
7919441872CA7EC67C0CA0D879DDB4BC|0
7AB59579BA91115872D6E51C54B9133B|0
7B5072C13C1E0543A93F9F8E5938AAFC|0
7B702B7F3F03DD8698D53A259716CADE|1
7C35F37BFBF1E4F220EF27F6012DFB71|1
7CF6140F3F3758258A62F51E53DA29FC|1
7D592A2E751839233D4D9E18E51E0F97|0
7E36F24E37D01AD074FF6A35622CC112|1
7E47C328FC4768CB8BEAFBCFAFA70362|0
8018166EBA2EF489C7B7DBEE736B98A0|0
8026D976CF0E2F2F92798ECC515F9FFF|1
807B7CF4FE50EE3F38435F6369F97EB9|1
8084A490B7C2533CBA486C80E0775CA2|0
80F3FA7F7DE69ECC342E9D66C059CBF4|1
823BFFE39686BBF7148E6871723E5C5B|1
824AD7957E6159D0942DCDFA807E0D4A|0
826179566225356EFDA5A5C42095F88F|0
8271D1FFC09750577D7889BF1498DFFC|0
82AEB5D6A8350380832DD187081D7C7A|0
8380E141E9689BAE65A392301F3AA750|0
83FED261CF9797425A864D9C7837E631|0
845533640423240A0BC5D05DE51076C1|0
84E3FDC985611E4AB1C5A9A1E39A0CB3|1
84E7911058EC06ACDF1E79EC14F13200|0
8534C0730E1BD354DC3D56FA2EDCA716|0
853CD192F4D6F678D3A47C393B3685F1|0
854821319981F14FFD063824120655F6|0
86444ECA7813E91C3C7EE0BC17C93059|0
864C8106A488F15022F1BE9D93E88C59|1
8796BC81F5A5EEA21CC8C9AF6DFD0DC0|1
884141C240CE19A20A8176EB12601718|1
885D1C05C927C01D549BE9B35C6E252C|0
88A36807BC4C7AFE27523011B7D28E5A|0
88B4A1E65DE237D2D923FED4ED57B929|1
88E39572A5A780CACF34F3C5B1F70906|0
88ECDF3A721288C44C0F4C44C3D4D7FA|0
896A4301E61B1EEC2056AA606CD95172|0
89BA995C2FAEF521F743BE307E9B74C0|0
8A88B5DF8237CD574BA570E35D52BD8E|0
8AA9AE2ACD97927856C424315B1BE286|0
8B65CCE792FA7654DE45EC381B8B23C3|1
8BD6200DF230A117FF60EDE25AEF907A|1
8CAE7B62E7BFFAEF1B9BB78672E342C4|0
8CF9ABA731924825E78B82394A395FF6|1
8D375BCF6785F6F30ED1F0B9A05A83BA|0
8E6D707E983B9AF80F1CC4A98B9BDB8A|1
8EF924F5484C3D6CEAC3A6098CF0F573|0
90B21BA7EF39EC843C2E7928D1EACED0|0
910FDD73BAAE762203B8C34764CE849F|1
912C936281500AF8D4CCF6EC4352FF87|0
91EEAE5A5C10E543502F9157B9014119|0
92B53901C844FB2F1AB266C459D9F33E|0
92DBDB8D9502FAD94B0B4AA365F52EB2|0
92F44E405DB16AC55D97E3BFE3B132FA|0
936090C23C4E4BE20A395CA54C2EB2F3|1
936D9E7D0CC26C3E4E6D3F9746BF8F38|0
93DC45DCAC5FAD30CCFD6C402490AA65|1
94BD6A93227FA190241EB699CC732A9D|1
95361C242B6A94F4B4D27E866773A8CB|1
953AE22C23775E84358E507E2E9DD3A5|0
95562AD7E1EBF167B8564E2CE948245E|0
95EC44A12EFF9B812A1497EBFA471A7B|1
9630543FF79868FAC8B536499378A904|1
965BFEC6FFB68EBE926524F566734D7E|1
96825BE7FE8A5D777227FCABE7AC7443|0
970DCC511DFC4FD23F47B57D9458C878|0
97827DEEC7C38589214DED9E704FAA6D|0
98AF483A7DB4F9CADD4A06781910809B|1
994D86F42557D0E001A14511AE184904|0
99B1D012F1451A80B85D4A90C14958E6|0
99BD591B998ABB5733ADEF823032C6D3|0
9AA65055C49D6FD8E93D69D44F081073|0
9AD90E2BBA66128787D8423BEB1ABAE3|1
9AF6939F73AD9DB32C79953F5AC5C0B6|0
9B056D3E054EFCC0A8EEDA5016E4EC6C|0
9B5EEB5BB62CE549A3BEDBCF38AB602B|0
9CCE549C824C7C3BC3255130D4AC98D7|1
9CFB16B1D9233A4D6E664D8421BF0107|0
9D0691E43E9EDA2CBB94EDC6EEE63376|0
9D37A41A411D1862DB47EE10D38F135B|1
9DCA9496131A9D4C02D46D604CF34D1E|1
9DFDC0C8656EEF3C7E5B872E6B047E88|0
9E795FCC5B4C918963948719C3B28898|1
9EC731567126602D561DF0D19957B1DE|0
9ECC02D64216563B677BF4CF308157B1|1
9ED16279566FB9F40DEB7664EA5D056E|0
9FFCAE5126973BE8178460FAF8A406A8|0
A02919792A6790B3CE9BE557FCAAE9F4|1
A0733CA2092BE610A5480BEEBCA5A6C4|1
A13135499A276D178E30B9FC4123C492|1
A234172D9574874A0D79D04A67D84E05|0
A3BA25113743B62958FDBC8ACDFAEABF|1
A3D64A1216E7BBDA92930DBA94968357|0
A41EFF3AD910811D5C1D1821BAB4ADEA|1
A4955661DB2414839D722FF7CD3DECC6|0
A4B005F5801E5EB4374E4C7DF587F1C5|0
A4D2D06480F2718291D31514138B6B07|0
A4F4E5C89AEBD54F07EA992FA48D97F6|0
A567B70468A04F4BA64339D1CAF78E58|0
A6408CE28CF375275652D786A4801BA3|0
A6CDB8D966216992E68794F3E0248E42|0
A6E74EDB38E2900A9699FF9C584B4B63|1
A77A55875182BAC02BDE466441EFDFF3|0
A7AD95A07448E72576732219D1A13F28|0
A7EB4A7BB4CFE71F2FF28ABBD60B4CAB|0
A823300C2AE5B8D28AA01FA769494886|0
A827D0A5C7E68E46CC9A334A5ED80735|1
A8E0DF476B3A6B209766B525D4577C45|1
A90B8F4A6503B88B00E7EAAF9574DEE4|1
A95A4F543770600B47907676D57E425F|0
A9FCA68A4FDFAD47FECF7292F6927652|0
AA0206E4FDB459431021E8776D77DCC6|0
AB21129A1EBF50F46D16A1546E12AAFA|0
AB54D4167B543C1EC22F57A6B4BB2490|1
AB779B526DD4C7D75D0D8F053D59EE21|1
AC21B1AB48B2D60536D9B4C58D101265|0
AC6C19B7FC290214B83AB68440C8B1C6|0
ACF045EEECCA41458B4BDF98C3E509D9|0
AD648BFB3E03B5C8BEEE8A571D587D50|0
AD8D54550BDD54420DACA579DB5A4F69|1
ADCE63091B703DF57AA9DD8EEBAF5E1D|0
AE051323ECAB1ACE07A62B49E028F6D6|1
AE1591BB9232EA8D6D8E9223119EE4FC|0
AE1B3169259168BB855026A37387A0E2|1
AE242271E4C92945CF8BCC2F9531FA8C|0
AE52AFB2F802FD5F6B73B643284CD487|1
AE67EC550B4FA3A4757DF899803674CC|1
AE6D4F1CC6224DDC5C18D0D6B039BAF4|0
AF06698ECD94F79D00B140581327D6DE|0
AF7871BC8455C8D14FBDDF0A7F13E950|0
B09150EC7D28DF83F6B4E7AF62B878B1|1
B10A71BFDA76C3FAAD3178150A085A2A|1
B10C4DE972C1A20DE5A34FBFBB19C124|0
B1346A940AFDBCF149AE8BDB015A8BA3|1
B2EFA82B9FC55620802F59646DD52B5F|0
B33E376CF6F62738DE88E52DEDCD9A8F|0
B4195EDBB33BAB61B936295B1EEA635C|1
B44459307E9530D9EE13A07F2E96C201|0
B50CC7C8A80CC83C4299E792E144CE31|1
B59FC618F84DF62F4B800479DC85F610|0
B6841768CF673506F6575C9E5B54130A|1
B6B583EDD48A3CF5A79439743ECE9E17|1
B7304DCCC49DD929199307CE2545BE5A|0
B852A7A81A85AB0668069C85509D88E0|0
B85484BEFED1A22645A6CD9D0DB354D3|1
B8684B5A8BEEC416B3CE491E1B7DFC46|0
B8E0263EE42F448104A5C69E353B2BFA|1
B98F86DA01ACFBB47077D2D7F0AD4007|0
BA7AC4381D685354FF87E0553E950A4E|0
BB60449367E37F27BE2F533DF1A0EA84|1
BC5953091CAAFFF7101A7CA88EC8631C|1
BD35085EEB4DEBFDC0E35F86ABA6E946|0
BD65E0B9DD948B69D1A96051B24FF261|1
BD6F988AAD39EA2AEBBB00E75E8509A5|0
BD9EBB7D09F9111A9F0A0BA2238EAF80|0
BDB20DFCF0E1F3D63EF6A1436FF62EFE|0
BDBD7932634ECA9AD7FB0836AD7F01E3|0
BE53C63798960E370EF1C462FE3A4938|0
BE6FDEA9D53CB3D58C46DE7144CD717C|0
BEABD93E229C090B1F87D34A1B927EAC|0
BECD5CFF57B1E79CFCBC06167D58DDB8|0
BF20FEF5E588F7128A8582528E38E72C|1
C064DFEBF912E1C180F99AE9460EEFBE|0
C0691BC3F517299A10D0A0251BA2CCF7|1
C0DB2C1BE17D7F3EE5805AD2B84DA59A|0
C175E546F9D4D5559A4283BD285A1945|0
C205CE273A0CA834CAA01E381B2538AA|1
C2C34B92AB47684A177D3112DD2B70C9|0
C3C302784720E22821684E5589A0FACA|0
C3FD97F6EB5C60B96E09E6930ECDFFFE|0
C4ACDEA0BF93E6394A834E135BBEDA7F|0
C5F0EB6E98613779714E4DFB2B524E19|1
C5F3FFA853DE4D41654903D423152295|1
C603EA63DA95E30835AB90C0FC749217|0
C60522857D00D874123D824D35C06276|1
C61C1B7731349FF35167ECF0ECA7BB72|0
C667CBF6127A8081D8C63D5578F4EE5C|1
C67CF9A437EC4AB7DAAB36FABBCDE6FD|1
C713B3C1FC2FB19CFB2A79A76358CFE0|0
C8A237FF3FD137C30B9B1FF60078A3D2|0
CA0D850CBFFDA0552E21DAF8AF736324|0
CA28CCDDF47BC5034CE8A374C8A5F918|0
CA610AFC1642A327CA58E8446B6EB3EC|0
CABDB9C6511832A95060D64B3907384A|0
CAC89525A0A9DAD2B9D6201E6A0FA824|0
CB81F0B8F26010E38C737B9EF945D00C|0
CC75557FA151349C280E4FB4F3FD17C9|1
CCE0974E18B7ABE25F00AC36B4450F4D|0
CCE993CE47B62977E7F417D85FAA7CF9|0
CD64A606FE34C31E30EE7138D3F2AE15|0
CEB3118CB792D7F68CBE82C806010E72|0
D01166625107350F52D8EB25F9A49345|1
D18A539946F27A0F8738AC44FCB8D53D|0
D26C801E939B92444137C5E5A32EC38D|1
D29BED33F121FA6763CC44376AD43A98|0
D364091CA22FD56C466430B995896170|0
D381FF5C1397CA74E3725823658B5D2D|0
D3DA493195C96A9B05DF68D3FADBDF7E|1
D406906BCD2207A888B4307E081379CD|1
D4170C9FF5B2F85B0CE0246033D26919|0
D4496F4DC6B90F6915CEB1DB20B44C07|0
D53D78B63C811D057F04D1CABE1AB5C7|0
D60AA536667591E07474D007B1476B78|0
D632954427B6E2A4E41A9756A1C89293|0
D6D1101D34E47A71A9D6E55C2DAB74E0|1
D6DBF46C5CAE0EEDA1DF1BD080D6FE3B|0
D8E7A38D52ED151A39311E7C4CA7F979|1
D8FDFF2A175F4A87ABAE9840C306CE0A|0
D9556680763A438578C9DEBEDA68430F|0
D95FE503726D8AEE5E68E0C2DE4F8DB1|0
D9B93980AD90D889F424F45E507E9723|0
D9C25B13FB6409C403BD472D10237299|0
DB4C170CCC2858168282EFC04BB16E0B|0
DC7298EA7E8D3EF37CAF08274939F4E9|0
DCBA132E5801CD87512B86AC8CE28E4D|0
DFBD224127C46BC6108CEA258D95F96D|0
DFF20EA7B356B8C23804FC8148D1D587|0
E05A75CC3DE3ECE1C7BDBB7EF91B07C9|1
E0B340996A41C9A75DFA3B99BBA9C500|0
E0FAC092261E1813A33B8F24DFC682E7|0
E1AA262AF3737CB1EB761F938E9A06E0|0
E1BBB2920D2E745D7ACF49F4059CAF88|1
E2C775244B3951A401A9083DD742029A|0
E2DFF9C915065CC6C4931185796A9D13|0
E32AAB3E477398B78E9D8F2418D1989C|0
E3A4727BABC8211655CB2605B829A420|0
E5834DD13AF0FCE2A6BADF8664892EDC|0
E59D7F01EAEE5895B8B13CD68D1AB84D|0
E629BC3077519CF247B1787D13160D23|0
E6C2073505425822AA29540EE79DEC76|0
E6C72102AFA99BB8378BE5B41077CA7D|0
E6DEC72A2A23FAA53EB9FEC3C7E29D66|0
E71DBBE5698F9BA392A84F11CE264F87|1
E7E4D5DCD49F1AB74D5EEA1C5EB99634|0
E8162F317A4950138AF142ADA3866930|1
E862549825E1E1B41480447039C1C35A|0
E8DDE3E8F9EFA2DBFD896E56CB2E27F8|0
E99BFA86173E90047CFCB327E557BFA8|1
E9B7F950584E7C6C2CD1A1B52E062ECF|0
EC91EA99EC902838D83550CA830D3614|0
ECFED664919499625545735590CC8D4A|0
ED20A50080DC6977C774B42810F6C94C|0
EE597EDD19F5EF4B279283A4CF3FE4C0|0
EEA75EA98001A939E04DED83758E20EE|0
EED744B954123F699F94BE60BC76AC87|0
EEEF053D1ECABB84850BB96C66F7B7C5|1
EF824B42E41EFA460978ECCF6A56E35E|0
EF8F070301D2E5AA40BA93FD2DEB4E6D|0
EFAE05AE95F73BE6DC0AD8341611C007|0
F176F7C39961E9BAC20E31B55F9F7084|0
F1DEB196E013A671146C5D2928165D7B|1
F338FD4290FDE2757617E219FCA1EF45|1
F34927059CB00960DD002BB0A5471492|0
F49EAB98E0FBF1F06E6216BBB929F1F4|0
F4B84E3C21C3BD7F2217B144FDF8EBE0|0
F4D8B8575CF192232F4EA55169640A33|1
F5B17F5E81E73F769AE93B74B20BBB8B|0
F6000590E063ABE2E753F14F6015A470|1
F61F2B231EB27CCCE31E7ECC12AFA09C|0
F7D0603E0FDDB57F6C99D42C895A62C2|0
F7EBF74AFF910D589690DAF0FB536879|0
F8415E526993E851B18F927A6940B879|0
F878C30E23EB09F8A538FF9E07130A8E|0
F8E88AF728D094497185F40798D0F084|0
F901E860829E9E4764239E0D97CD8DE6|0
F91A61F7902D3768AFD96762EF54229A|0
F99DB576705AFE6220C919B590E9619B|0
FA0E81E9DA6C45D2B6451AB08FA0F88C|0
FA15610B77877F2BB2AC5D32277CE82B|0
FA27EB724394226A4E490BA45973C743|0
FB5B19F4E9DD3225365176ABA69638CF|0
FB91D203F35489EAA34E57CF4B220C75|0
FBB9252931952ABE5BF925FCF8F194FA|0
FBD07354E3ECD632BBC9B49DA0067FC5|0
FBFD2105928E87DF0CA8E204FF22A047|0
FC055941EEC55CAB501AFE247943F3A7|0
FC0EC74594680473F1FB84BF32BD0F9A|1
FC5550C225784B71A4733264F57DF3F1|1
FCDB3E46E911ACA1E243C211D4FF42D3|0
FE5082B9156EACBE11865329DF45EDE5|0
FEC82E55EECD1F19DE903759546508F6|0
FF7B9C0AC4872DED07D49BE1EC6F8F5E|0
FFA25A0DF74B568F8F9C3709F1630330|0
